,hora,p_rede_imp_ref,p_rede_exp_ref,soc_est_ref,custo_energia_imp,custo_energia_exp,PV_real,PV_previsao,PV_previsao_off,load_real,load_previsao,cx_bike_real_0,cx_bike_real_1,cx_bike_real_2,cx_bike_real_3,cx_bike_real_4,cx_bike_real_5,cx_bike_real_6,cx_bike_real_7,cx_bike_real_8,cx_bike_real_9,soc_bike_real_0,soc_bike_real_1,soc_bike_real_2,soc_bike_real_3,soc_bike_real_4,soc_bike_real_5,soc_bike_real_6,soc_bike_real_7,soc_bike_real_8,soc_bike_real_9,cx_bike_previsao_0,cx_bike_previsao_1,cx_bike_previsao_2,cx_bike_previsao_3,cx_bike_previsao_4,cx_bike_previsao_5,cx_bike_previsao_6,cx_bike_previsao_7,cx_bike_previsao_8,cx_bike_previsao_9,soc_bike_previsao_0,soc_bike_previsao_1,soc_bike_previsao_2,soc_bike_previsao_3,soc_bike_previsao_4,soc_bike_previsao_5,soc_bike_previsao_6,soc_bike_previsao_7,soc_bike_previsao_8,soc_bike_previsao_9,p_rede_imp,flag_imp,p_rede_exp,flag_exp,p_ch_bike_cps_0,p_ch_bike_cps_1,p_ch_bike_cps_2,p_ch_bike_cps_3,p_ch_bike_cps_4,p_ch_bike_cps_5,p_ch_bike_cps_6,p_ch_bike_cps_7,p_ch_bike_cps_8,p_ch_bike_cps_9,p_dc_bike_cps_0,p_dc_bike_cps_1,p_dc_bike_cps_2,p_dc_bike_cps_3,p_dc_bike_cps_4,p_dc_bike_cps_5,p_dc_bike_cps_6,p_dc_bike_cps_7,p_dc_bike_cps_8,p_dc_bike_cps_9,cx_bike_real_total,SOC_bike_real_total,p_ch_bike_total,p_dc_bike_total,p_bike_total,cx_bike_previsao_total,SOC_bike_previsao_total,SOC_bike_offline,SOC_est_offline,p_ch_est_cps,p_dc_est_cps,p_est_total,soc_est,p_rede,p_rede_ref,revenue_accumulated_energy,revenue_accumulated_rental,total_revenue_accumulated
0,0:00,0.51020408,0.0,0,0.63,0.63,0.0,0.0,0.0,0.45,0,1,1,1,1,1,1,1,1,1,1,0.1,0.2,0.3,0.4,0.5,0.6,0.7,0.8,0.9,1.0,1,1,1,1,1,1,1,1,1,1,0,0,0,0,0,0,0,0,0,0,0.51020408,0,0.0,0,0.0,0.0,0.0,0.0,0.0,0.0,0.0,0.0,0.0,0.0,0.0,0.0,0.03456,0.0,0.0,0.0,0.0,0.0,0.0,0.45,10,0.55,0.0,0.48456,0.48456,10,0,0,0,0.49476408,0.0,-0.49476408,0.5,0.51020408,0.51020408,0.0,0,0.0
1,0:15,0.51020408,0.0,0,0.63,0.63,0.0,0.0,0.0,0.5,0,1,1,1,1,1,1,1,1,1,1,0.1,0.2,0.28160919540229884,0.4,0.5,0.6,0.7,0.8,0.9,0.7605363984674329,1,1,1,1,1,1,1,1,1,1,0,0,0,0,0,0,0,0,0,0,0.51020408,0,0.0,0,0.0,0.0,0.0,0.0,0.083016901,0.0,0.0,0.0,0.0,0.0,0.10872,0.274799,0.41608408,0.45,0.0,0.18276974,0.41544,0.45,0.45,0.45,10,0.5242145593869733,0.083016901,3.1978128200000002,3.114795919,10,0,0,0,3.125,0.0,-3.125,0.50593716896,0.51020408,0.51020408,-0.08035714259999999,0,-0.08035714259999999
2,0:30,0.51020408,0.0,0,0.63,0.63,0.0,0.0,0.0,0.55,0,1,1,1,1,1,1,1,1,1,1,0.042145593869731816,0.05376809280544914,0.060193656875266066,0.16053639846743298,0.5357831469827586,0.5027406662409536,0.4789272030651341,0.560536398467433,0.660536398467433,0.5210727969348659,1,1,1,1,1,1,1,1,1,1,0,0,0,0,0,0,0,0,0,0,0.51020408,0,0.0,0,0.0,0.0,0.0,0.0,0.0,0.0,0.0,0.0,0.0,0.0,0.0,0.039031,0.11311592,0.30168,0.45,0.45,0.410969,0.45,0.45,0.45,10,0.3576240352176458,0.0,3.11479592,3.11479592,10,0,0,0,3.125,0.0,-3.125,0.5434371689599999,0.51020408,0.51020408,-0.16071428519999997,0,-0.16071428519999997
3,0:45,0.51020408,0.0,0,0.63,0.63,0.0,0.0,0.0,0.5,0,1,1,1,1,1,1,1,1,1,1,0.042145593869731816,0.03299808429118775,0.0,2.7755575615628914e-17,0.29631954545019157,0.2632770647083865,0.26023361004682843,0.3210727969348659,0.4210727969348659,0.2816091954022988,1,1,1,1,1,1,1,1,1,1,0,0,0,0,0,0,0,0,0,0,0.51020408,0,0.0,0,0.0,0.0,0.0,0.0,0.0,0.0,0.0,0.0,0.0,0.0,0.0792,0.06201,0.0,0.0,0.0,0.0,0.0,0.0,0.0,0.0,10,0.19187286876383566,0.0,0.14121,0.14121,10,0,0,0,0.15141408,0.0,-0.15141408,0.5809371689599999,0.51020408,0.51020408,-0.24107142779999996,0,-0.24107142779999996
4,1:00,0.51020408,0.0,0,0.63,0.63,0.0,0.0,0.0,0.5,0,1,1,1,1,1,1,1,1,1,1,1.3877787807814457e-17,1.3877787807814457e-17,0.0,2.7755575615628914e-17,0.29631954545019157,0.2632770647083865,0.26023361004682843,0.3210727969348659,0.4210727969348659,0.2816091954022988,1,1,1,1,1,1,1,1,1,1,0,0,0,0,0,0,0,0,0,0,0.51020408,0,0.0,0,0.0,0.0,0.0,0.0,0.0,0.0,0.0,0.0,0.0,0.0,0.0,0.0,0.0,0.0,0.0,0.0,0.0,0.0,0.0,0.0,10,0.1843585009477437,0.0,0.0,0.0,10,0,0,0,0.01020408,0.0,-0.01020408,0.58275413792,0.51020408,0.51020408,-0.32142857039999995,0,-0.32142857039999995
5,1:15,0.51020408,0.0,0,0.63,0.63,0.0,0.0,0.0,0.5,0,1,1,1,1,1,1,1,1,1,1,1.3877787807814457e-17,1.3877787807814457e-17,0.0,2.7755575615628914e-17,0.29631954545019157,0.2632770647083865,0.26023361004682843,0.3210727969348659,0.4210727969348659,0.2816091954022988,1,1,1,1,1,1,1,1,1,1,0,0,0,0,0,0,0,0,0,0,0.51020408,0,0.0,0,0.0,0.0,0.0,0.0,0.0,0.0,0.0,0.0,0.0,0.0,0.0,0.0,0.0,0.0,0.0,0.0,0.0,0.0,0.0,0.0,10,0.1843585009477437,0.0,0.0,0.0,10,0,0,0,0.01020408,0.0,-0.01020408,0.58287658688,0.51020408,0.51020408,-0.40178571299999993,0,-0.40178571299999993
6,1:30,0.51020408,0.0,0,0.63,0.63,0.0,0.0,0.0,0.45,0,1,1,1,1,1,1,1,1,1,1,1.3877787807814457e-17,1.3877787807814457e-17,0.0,2.7755575615628914e-17,0.29631954545019157,0.2632770647083865,0.26023361004682843,0.3210727969348659,0.4210727969348659,0.2816091954022988,1,1,1,1,1,1,1,1,1,1,0,0,0,0,0,0,0,0,0,0,0.51020408,0,0.0,0,0.0,0.0,0.0,0.0,0.0,0.0,0.0,0.0,0.0,0.0,0.0,0.0,0.0,0.0,0.0,0.0,0.0,0.0,0.0,0.0,10,0.1843585009477437,0.0,0.0,0.0,10,0,0,0,0.01020408,0.0,-0.01020408,0.58299903584,0.51020408,0.51020408,-0.4821428555999999,0,-0.4821428555999999
7,1:45,0.51020408,0.0,0,0.63,0.63,0.0,0.0,0.0,0.5,0,1,1,1,1,1,1,1,1,1,1,1.3877787807814457e-17,1.3877787807814457e-17,0.0,2.7755575615628914e-17,0.29631954545019157,0.2632770647083865,0.26023361004682843,0.3210727969348659,0.4210727969348659,0.2816091954022988,1,1,1,1,1,1,1,1,1,1,0,0,0,0,0,0,0,0,0,0,0.51020408,0,0.0,0,0.0,0.0,0.0,0.0,0.0,0.0,0.0,0.0,0.0,0.0,0.0,0.0,0.0,0.0,0.0,0.0,0.0,0.0,0.0,0.0,10,0.1843585009477437,0.0,0.0,0.0,10,0,0,0,0.01020408,0.0,-0.01020408,0.5831214848,0.51020408,0.51020408,-0.5624999981999999,0,-0.5624999981999999
8,2:00,0.51020408,0.0,0,0.63,0.63,0.0,0.0,0.0,0.53,0,1,1,1,1,1,1,1,1,1,1,1.3877787807814457e-17,1.3877787807814457e-17,0.0,2.7755575615628914e-17,0.29631954545019157,0.2632770647083865,0.26023361004682843,0.3210727969348659,0.4210727969348659,0.2816091954022988,1,1,1,1,1,1,1,1,1,1,0,0,0,0,0,0,0,0,0,0,0.51020408,0,0.0,0,0.0,0.0,0.0,0.0,0.0,0.0,0.0,0.0,0.0,0.0,0.0,0.0,0.0,0.0,0.0,0.0,0.0,0.0,0.0,0.0,10,0.1843585009477437,0.0,0.0,0.0,10,0,0,0,0.01020408,0.0,-0.01020408,0.58324393376,0.51020408,0.51020408,-0.6428571407999999,0,-0.6428571407999999
9,2:15,0.51020408,0.0,0,0.63,0.63,0.0,0.0,0.0,0.54,0,1,1,1,1,1,1,1,1,1,1,1.3877787807814457e-17,1.3877787807814457e-17,0.0,2.7755575615628914e-17,0.29631954545019157,0.2632770647083865,0.26023361004682843,0.3210727969348659,0.4210727969348659,0.2816091954022988,1,1,1,1,1,1,1,1,1,1,0,0,0,0,0,0,0,0,0,0,0.51020408,0,0.0,0,0.0,0.0,0.0,0.0,0.0,0.0,0.0,0.0,0.0,0.0,0.0,0.0,0.0,0.0,0.0,0.0,0.0,0.0,0.0,0.0,10,0.1843585009477437,0.0,0.0,0.0,10,0,0,0,0.01020408,0.0,-0.01020408,0.5833663827200001,0.51020408,0.51020408,-0.7232142833999999,0,-0.7232142833999999
10,2:30,0.51020408,0.0,0,0.63,0.63,0.0,0.0,0.0,0.51,0,1,1,1,1,1,1,1,1,1,1,1.3877787807814457e-17,1.3877787807814457e-17,0.0,2.7755575615628914e-17,0.29631954545019157,0.2632770647083865,0.26023361004682843,0.3210727969348659,0.4210727969348659,0.2816091954022988,1,1,1,1,1,1,1,1,1,1,0,0,0,0,0,0,0,0,0,0,0.51020408,0,0.0,0,0.0,0.0,0.0,0.0,0.0,0.0,0.0,0.0,0.0,0.0,0.0,0.0,0.0,0.0,0.0,0.0,0.0,0.0,0.0,0.0,10,0.1843585009477437,0.0,0.0,0.0,10,0,0,0,0.01020408,0.0,-0.01020408,0.5834888316800001,0.51020408,0.51020408,-0.803571426,0,-0.803571426
11,2:45,0.51020408,0.0,0,0.63,0.63,0.0,0.0,0.0,0.49,0,1,1,1,1,1,1,1,1,1,1,1.3877787807814457e-17,1.3877787807814457e-17,0.0,2.7755575615628914e-17,0.29631954545019157,0.2632770647083865,0.26023361004682843,0.3210727969348659,0.4210727969348659,0.2816091954022988,1,1,1,1,1,1,1,1,1,1,0,0,0,0,0,0,0,0,0,0,0.51020408,0,0.0,0,0.0,0.0,0.0,0.0,0.0,0.0,0.0,0.0,0.0,0.0,0.0,0.0,0.0,0.0,0.0,0.0,0.0,0.0,0.0,0.0,10,0.1843585009477437,0.0,0.0,0.0,10,0,0,0,0.01020408,0.0,-0.01020408,0.5836112806400001,0.51020408,0.51020408,-0.8839285686,0,-0.8839285686
12,3:00,0.51020408,0.0,0,0.63,0.63,0.0,0.0,0.0,0.46,0,1,1,1,1,1,1,1,1,1,1,1.3877787807814457e-17,1.3877787807814457e-17,0.0,2.7755575615628914e-17,0.29631954545019157,0.2632770647083865,0.26023361004682843,0.3210727969348659,0.4210727969348659,0.2816091954022988,1,1,1,1,1,1,1,1,1,1,0,0,0,0,0,0,0,0,0,0,0.51020408,0,0.0,0,0.0,0.0,0.0,0.0,0.0,0.0,0.0,0.0,0.0,0.0,0.0,0.0,0.0,0.0,0.0,0.0,0.0,0.0,0.0,0.0,10,0.1843585009477437,0.0,0.0,0.0,10,0,0,0,0.01020408,0.0,-0.01020408,0.5837337296000001,0.51020408,0.51020408,-0.9642857112000001,0,-0.9642857112000001
13,3:15,0.51020408,0.0,0,0.63,0.63,0.0,0.0,0.0,0.5,0,1,1,1,1,1,1,1,1,1,1,1.3877787807814457e-17,1.3877787807814457e-17,0.0,2.7755575615628914e-17,0.29631954545019157,0.2632770647083865,0.26023361004682843,0.3210727969348659,0.4210727969348659,0.2816091954022988,1,1,1,1,1,1,1,1,1,1,0,0,0,0,0,0,0,0,0,0,0.51020408,0,0.0,0,0.0,0.0,0.0,0.0,0.0,0.0,0.0,0.0,0.0,0.0,0.0,0.0,0.0,0.0,0.0,0.0,0.0,0.0,0.0,0.0,10,0.1843585009477437,0.0,0.0,0.0,10,0,0,0,0.01020408,0.0,-0.01020408,0.5838561785600002,0.51020408,0.51020408,-1.0446428538,0,-1.0446428538
14,3:30,0.51020408,0.0,0,0.63,0.63,0.0,0.0,0.0,0.5,0,1,1,1,1,1,1,1,1,1,1,1.3877787807814457e-17,1.3877787807814457e-17,0.0,2.7755575615628914e-17,0.29631954545019157,0.2632770647083865,0.26023361004682843,0.3210727969348659,0.4210727969348659,0.2816091954022988,1,1,1,1,1,1,1,1,1,1,0,0,0,0,0,0,0,0,0,0,0.51020408,0,0.0,0,0.0,0.0,0.0,0.0,0.0,0.0,0.0,0.0,0.0,0.0,0.0,0.0,0.0,0.0,0.0,0.0,0.0,0.0,0.0,0.0,10,0.1843585009477437,0.0,0.0,0.0,10,0,0,0,0.01020408,0.0,-0.01020408,0.5839786275200002,0.51020408,0.51020408,-1.1249999964000001,0,-1.1249999964000001
15,3:45,0.51020408,0.0,0,0.63,0.63,0.0,0.0,0.0,0.5,0,1,1,1,1,1,1,1,1,1,1,1.3877787807814457e-17,1.3877787807814457e-17,0.0,2.7755575615628914e-17,0.29631954545019157,0.2632770647083865,0.26023361004682843,0.3210727969348659,0.4210727969348659,0.2816091954022988,1,1,1,1,1,1,1,1,1,1,0,0,0,0,0,0,0,0,0,0,0.51020408,0,0.0,0,0.0,0.0,0.0,0.0,0.0,0.0,0.0,0.0,0.0,0.0,0.0,0.0,0.0,0.0,0.0,0.0,0.0,0.0,0.0,0.0,10,0.1843585009477437,0.0,0.0,0.0,10,0,0,0,0.01020408,0.0,-0.01020408,0.5841010764800002,0.51020408,0.51020408,-1.2053571390000002,0,-1.2053571390000002
16,4:00,0.51020408,0.0,0,0.63,0.63,0.0,0.0,0.0,0.45,0,1,1,1,1,1,1,1,1,1,1,1.3877787807814457e-17,1.3877787807814457e-17,0.0,2.7755575615628914e-17,0.29631954545019157,0.2632770647083865,0.26023361004682843,0.3210727969348659,0.4210727969348659,0.2816091954022988,1,1,1,1,1,1,1,1,1,1,0,0,0,0,0,0,0,0,0,0,0.51020408,0,0.0,0,0.0,0.0,0.0,0.0,0.0,0.0,0.0,0.0,0.0,0.0,0.0,0.0,0.0,0.0,0.0,0.0,0.0,0.0,0.0,0.0,10,0.1843585009477437,0.0,0.0,0.0,10,0,0,0,0.01020408,0.0,-0.01020408,0.5842235254400002,0.51020408,0.51020408,-1.2857142816000002,0,-1.2857142816000002
17,4:15,0.51020408,0.0,0,0.63,0.63,0.0,0.0,0.0,0.5,0,1,1,1,1,1,1,1,1,1,1,1.3877787807814457e-17,1.3877787807814457e-17,0.0,2.7755575615628914e-17,0.29631954545019157,0.2632770647083865,0.26023361004682843,0.3210727969348659,0.4210727969348659,0.2816091954022988,1,1,1,1,1,1,1,1,1,1,0,0,0,0,0,0,0,0,0,0,0.51020408,0,0.0,0,0.0,0.0,0.0,0.0,0.0,0.0,0.0,0.0,0.0,0.0,0.0,0.0,0.0,0.0,0.0,0.0,0.0,0.0,0.0,0.0,10,0.1843585009477437,0.0,0.0,0.0,10,0,0,0,0.01020408,0.0,-0.01020408,0.5843459744000002,0.51020408,0.51020408,-1.3660714242000003,0,-1.3660714242000003
18,4:30,0.51020408,0.0,0,0.63,0.63,0.0,0.0,0.0,0.55,0,1,1,1,1,1,1,1,1,1,1,1.3877787807814457e-17,1.3877787807814457e-17,0.0,2.7755575615628914e-17,0.29631954545019157,0.2632770647083865,0.26023361004682843,0.3210727969348659,0.4210727969348659,0.2816091954022988,1,1,1,1,1,1,1,1,1,1,0,0,0,0,0,0,0,0,0,0,0.51020408,0,0.0,0,0.0,0.0,0.0,0.0,0.0,0.0,0.0,0.0,0.0,0.0,0.0,0.0,0.0,0.0,0.0,0.0,0.0,0.0,0.0,0.0,10,0.1843585009477437,0.0,0.0,0.0,10,0,0,0,0.01020408,0.0,-0.01020408,0.5844684233600003,0.51020408,0.51020408,-1.4464285668000003,0,-1.4464285668000003
19,4:45,0.51020408,0.0,0,0.63,0.63,0.0,0.0,0.0,0.5,0,1,1,1,1,1,1,1,1,1,1,1.3877787807814457e-17,1.3877787807814457e-17,0.0,2.7755575615628914e-17,0.29631954545019157,0.2632770647083865,0.26023361004682843,0.3210727969348659,0.4210727969348659,0.2816091954022988,1,1,1,1,1,1,1,1,1,1,0,0,0,0,0,0,0,0,0,0,0.51020408,0,0.0,0,0.0,0.0,0.0,0.0,0.0,0.0,0.0,0.0,0.0,0.0,0.0,0.0,0.0,0.0,0.0,0.0,0.0,0.0,0.0,0.0,10,0.1843585009477437,0.0,0.0,0.0,10,0,0,0,0.01020408,0.0,-0.01020408,0.5845908723200003,0.51020408,0.51020408,-1.5267857094000004,0,-1.5267857094000004
20,5:00,0.51020408,0.0,0,0.63,0.63,0.0,0.0,0.0,0.5,0,1,1,1,1,1,1,1,1,1,1,1.3877787807814457e-17,1.3877787807814457e-17,0.0,2.7755575615628914e-17,0.29631954545019157,0.2632770647083865,0.26023361004682843,0.3210727969348659,0.4210727969348659,0.2816091954022988,1,1,1,1,1,1,1,1,1,1,0,0,0,0,0,0,0,0,0,0,0.51020408,0,0.0,0,0.0,0.0,0.0,0.0,0.0,0.0,0.0,0.0,0.0,0.0,0.0,0.0,0.0,0.0,0.0,0.0,0.0,0.0,0.0,0.0,10,0.1843585009477437,0.0,0.0,0.0,10,0,0,0,0.01020408,0.0,-0.01020408,0.5847133212800003,0.51020408,0.51020408,-1.6071428520000004,0,-1.6071428520000004
21,5:15,0.51020408,0.0,0,0.63,0.63,0.0,0.0,0.0,0.5,0,1,1,1,1,1,1,1,1,1,1,1.3877787807814457e-17,1.3877787807814457e-17,0.0,2.7755575615628914e-17,0.29631954545019157,0.2632770647083865,0.26023361004682843,0.3210727969348659,0.4210727969348659,0.2816091954022988,1,1,1,1,1,1,1,1,1,1,0,0,0,0,0,0,0,0,0,0,0.51020408,0,0.0,0,0.0,0.0,0.0,0.0,0.0,0.0,0.0,0.0,0.0,0.0,0.0,0.0,0.0,0.0,0.0,0.0,0.0,0.0,0.0,0.0,10,0.1843585009477437,0.0,0.0,0.0,10,0,0,0,0.01020408,0.0,-0.01020408,0.5848357702400003,0.51020408,0.51020408,-1.6874999946000004,0,-1.6874999946000004
22,5:30,0.51020408,0.0,0,0.63,0.63,0.0,0.0,0.0,0.45,0,1,1,1,1,1,1,1,1,1,1,1.3877787807814457e-17,1.3877787807814457e-17,0.0,2.7755575615628914e-17,0.29631954545019157,0.2632770647083865,0.26023361004682843,0.3210727969348659,0.4210727969348659,0.2816091954022988,1,1,1,1,1,1,1,1,1,1,0,0,0,0,0,0,0,0,0,0,0.51020408,0,0.0,0,0.0,0.0,0.0,0.0,0.0,0.0,0.0,0.0,0.0,0.0,0.0,0.0,0.0,0.0,0.10684369,0.0,0.0,0.0,0.0,0.0,10,0.1843585009477437,0.0,0.10684369,0.10684369,10,0,0,0,0.11704777,0.0,-0.11704777,0.5849582192000004,0.51020408,0.51020408,-1.7678571372000005,0,-1.7678571372000005
23,5:45,0.51020408,0.0,0,0.63,0.63,0.0,0.0,0.0,0.5,0,1,1,1,1,1,1,1,1,1,1,1.3877787807814457e-17,1.3877787807814457e-17,0.0,2.7755575615628914e-17,0.2394636014314602,0.2632770647083865,0.26023361004682843,0.3210727969348659,0.4210727969348659,0.2816091954022988,1,1,1,1,1,1,1,1,1,1,0,0,0,0,0,0,0,0,0,0,0.51020408,0,0.0,0,0.0,0.0,0.0,0.0,0.0,0.0,0.0,0.0,0.0,0.0,0.0,0.0,0.0,0.0,0.41882345,0.04475026,0.0,0.0,0.0,0.0,10,0.1786729065458706,0.0,0.46357370999999997,0.46357370999999997,10,0,0,0,0.47377779,0.0,-0.47377779,0.5863627924400003,0.51020408,0.51020408,-1.8482142798000005,0,-1.8482142798000005
24,6:00,3.1578231,0.0,0,0.63,0.63,0.0,0.0,0.0,0.53,0,1,1,1,1,1,1,1,1,1,1,1.3877787807814457e-17,1.3877787807814457e-17,0.0,2.7755575615628914e-17,0.01659033089080464,0.23946360153256702,0.26023361004682843,0.3210727969348659,0.4210727969348659,0.2816091954022988,1,1,1,1,1,1,1,1,1,1,0,0,0,0,0,0,0,0,0,0,3.1578231,0,0.0,0,0.01399965,0.0,0.0,0.0,0.0,0.0,0.0,0.0,0.0,0.0,0.0,0.0,0.0,0.0,0.03117655,0.45,0.0,0.0,0.0,0.0,10,0.15400423317422307,0.01399965,0.48117655000000004,0.46717690000000006,10,0,0,0,3.125,0.0,-3.125,0.5920481259200003,3.1578231,3.1578231,-2.3455714180500005,0,-2.3455714180500005
25,6:15,3.1142857,0.0,0,0.63,0.63,0.0,0.0,0.0,0.54,0,1,1,1,1,1,1,1,1,1,1,0.006034331896551739,1.3877787807814457e-17,0.0,2.7755575615628914e-17,0.0,0.0,0.26023361004682843,0.3210727969348659,0.4210727969348659,0.2816091954022988,1,1,1,1,1,1,1,1,1,1,0,0,0,0,0,0,0,0,0,0,3.1142857,0,0.0,0,0.0,0.0,0.0,0.0,0.0,0.0,0.0,0.0,0.0,0.0,0.011339717,0.0,0.0,0.0,0.0,0.0,0.0,0.0,0.0,0.0,10,0.12900227312154108,0.0,0.011339717,0.011339717,10,0,0,0,2.6256254,0.0,-2.6256254,0.6295481259200003,3.1142857,3.1142857,-2.8360714158,0,-2.8360714158
26,6:30,3.3510204,0.0,0,0.63,0.63,0.0,0.0,0.0,0.51,0,1,1,1,1,1,1,1,1,1,1,0.0,1.3877787807814457e-17,0.0,2.7755575615628914e-17,0.0,0.0,0.26023361004682843,0.3210727969348659,0.4210727969348659,0.2816091954022988,1,1,1,1,1,1,1,1,1,1,0,0,0,0,0,0,0,0,0,0,3.3510204,0,0.0,0,0.0,0.0,0.0,0.0,0.0,0.0,0.0,0.0,0.0,0.0,0.0,0.0,0.0,0.0,0.0,0.0,0.0,0.0,0.0,0.0,10,0.12839883993188592,0.0,0.0,0.0,10,0,0,0,2.8510204,0.0,-2.8510204,0.6610556307200003,3.3510204,3.3510204,-3.3638571288000003,0,-3.3638571288000003
27,6:45,3.0707483,0.0,0,0.63,0.63,0.0,0.0,0.0,0.49,0,1,1,1,1,1,1,1,1,1,1,0.0,1.3877787807814457e-17,0.0,2.7755575615628914e-17,0.0,0.0,0.26023361004682843,0.3210727969348659,0.4210727969348659,0.2816091954022988,1,1,1,1,1,1,1,1,1,1,0,0,0,0,0,0,0,0,0,0,3.0707483,0,0.0,0,0.0,0.0,0.0,0.0,0.0,0.0,0.0,0.0,0.0,0.0,0.0,0.0,0.0,0.0,0.0,0.0,0.0,0.0,0.0,0.0,10,0.12839883993188592,0.0,0.0,0.0,10,0,0,0,2.5707483,0.0,-2.5707483,0.6952678755200002,3.0707483,3.0707483,-3.8474999860500003,0,-3.8474999860500003
28,7:00,0.51020408,0.0,0,0.63,0.63,0.0,0.0,0.0,0.46,0,1,1,1,1,1,1,1,1,1,1,0.0,1.3877787807814457e-17,0.0,2.7755575615628914e-17,0.0,0.0,0.26023361004682843,0.3210727969348659,0.4210727969348659,0.2816091954022988,1,1,1,1,1,1,1,1,1,1,0,0,0,0,0,0,0,0,0,0,0.51020408,0,0.0,0,0.0,0.0,0.0,0.0,0.0,0.0,0.0,0.0,0.0,0.0,0.0,0.0,0.0,0.0,0.0,0.0,0.0,0.0,0.0,0.0,10,0.12839883993188592,0.0,0.0,0.0,10,0,0,0,0.01020408,0.0,-0.01020408,0.7261168551200002,0.51020408,0.51020408,-3.9278571286500004,0,-3.9278571286500004
29,7:15,0.37244898,0.0,0,0.63,0.63,0.135,0.135,0.135,0.5,0,1,1,1,1,1,1,1,1,1,1,0.0,1.3877787807814457e-17,0.0,2.7755575615628914e-17,0.0,0.0,0.26023361004682843,0.3210727969348659,0.4210727969348659,0.2816091954022988,1,1,1,1,1,1,1,1,1,1,0,0,0,0,0,0,0,0,0,0,0.37244898,0,0.0,0,0.0,0.0,0.0,0.0,0.0,0.0,0.0,0.0,0.0,0.0,0.0,0.0,0.0,0.0,0.0,0.0,0.0,0.0,0.0,0.0,10,0.12839883993188592,0.0,0.0,0.0,10,0,0,0,0.00744898,0.0,-0.00744898,0.7262393040800003,0.37244898,0.37244898,-3.9865178430000006,0,-3.9865178430000006
30,7:30,0.17346939,0.0,0,0.63,0.63,0.33,0.33,0.33,0.5,0,1,1,1,1,1,1,1,1,1,1,0.0,1.3877787807814457e-17,0.0,2.7755575615628914e-17,0.0,0.0,0.26023361004682843,0.3210727969348659,0.4210727969348659,0.2816091954022988,1,1,1,1,1,1,1,1,1,1,0,0,0,0,0,0,0,0,0,0,0.17346939,0,0.0,0,0.0,0.0,0.0,0.0,0.0,0.0,0.0,0.0,0.0,0.0,0.0,0.0,0.0,0.0,0.0,0.0,0.039031,0.0,0.0,0.0,10,0.12839883993188592,0.0,0.039031,0.039031,10,0,0,0,0.04250039,0.0,-0.04250039,0.7263286918400003,0.17346939,0.17346939,-4.013839271925001,0,-4.013839271925001
31,7:45,0.0,0.0098,0,0.63,0.63,0.51,0.51,0.51,0.5,0,1,1,1,1,1,1,1,1,1,1,0.0,1.3877787807814457e-17,0.0,2.7755575615628914e-17,0.0,0.0,0.23946360153256704,0.3210727969348659,0.4210727969348659,0.2816091954022988,1,1,1,1,1,1,1,1,1,1,0,0,0,0,0,0,0,0,0,0,0.0,0,0.0098,0,0.0002,0.0,0.0,0.0,0.0,0.0,0.0,0.0,0.0,0.0,0.0,0.0,0.0,0.0,0.0,0.0,0.0,0.0,0.0,0.0,10,0.12632183908045977,0.0002,0.0,-0.0002,10,0,0,0,0.0,0.0,0.0,0.7268386965200002,-0.0098,-0.0098,-4.012295771925,0,-4.012295771925
32,8:00,0.0,0.0686,0,0.63,0.63,0.57,0.57,0.57,0.45,0,1,1,1,1,1,1,1,1,1,1,8.620689655172414e-05,1.3877787807814457e-17,0.0,2.7755575615628914e-17,0.0,0.0,0.23946360153256704,0.3210727969348659,0.4210727969348659,0.2816091954022988,1,1,1,1,1,1,1,1,1,1,0,0,0,0,0,0,0,0,0,0,0.0,0,0.0686,0,0.0,0.0,0.0,0.0,0.0,0.0,0.0,0.0,0.0,0.0,0.0,0.0,0.0,0.0,0.0,0.0,0.0,0.0,0.0,0.0,10,0.12633045977011492,0.0,0.0,0.0,10,0,0,0,0.0014,0.0,-0.0014,0.7268386965200002,-0.0686,-0.0686,-4.001491271925,0,-4.001491271925
33,8:15,0.0,1.421,0,0.63,0.63,1.95,1.95,1.95,0.5,0,1,1,1,1,1,1,1,1,1,1,8.620689655172414e-05,1.3877787807814457e-17,0.0,2.7755575615628914e-17,0.0,0.0,0.23946360153256704,0.3210727969348659,0.4210727969348659,0.2816091954022988,1,1,1,1,1,1,1,1,1,1,0,0,0,0,0,0,0,0,0,0,0.0,0,1.421,0,0.0,0.0,0.0,0.0,0.0,0.0,0.0,0.0,0.0,0.0,0.0,0.0,0.0,0.0,0.0,0.0,0.0,0.0,0.0,0.0,10,0.12633045977011492,0.0,0.0,0.0,10,0,0,0,0.029,0.0,-0.029,0.7268554965200003,-1.421,-1.421,-3.7776837719250005,0,-3.7776837719250005
34,8:30,0.0,3.1409,0,0.63,0.63,3.705,3.705,3.705,0.45,0,1,1,1,1,1,1,1,1,1,1,8.620689655172414e-05,1.3877787807814457e-17,0.0,2.7755575615628914e-17,0.0,0.0,0.23946360153256704,0.3210727969348659,0.4210727969348659,0.2816091954022988,1,1,1,1,1,1,1,1,1,1,0,0,0,0,0,0,0,0,0,0,0.0,0,3.1409,0,0.0,0.0,0.0,0.0,0.0,0.0641,0.0,0.0,0.0,0.0,0.0,0.0,0.0,0.0,0.0,0.0,0.0,0.0,0.0,0.0,10,0.12633045977011492,0.0641,0.0,-0.0641,10,0,0,0,0.0,0.0,0.0,0.7272034965200003,-3.1409,-3.1409,-3.2829920219250006,0,-3.2829920219250006
35,8:45,0.0,2.9351,0,0.63,0.63,3.495,3.495,3.495,0.5,0,1,1,1,1,1,1,1,1,1,1,8.620689655172414e-05,1.3877787807814457e-17,0.0,2.7755575615628914e-17,0.0,0.027629310344827587,0.23946360153256704,0.3210727969348659,0.4210727969348659,0.2816091954022988,1,1,1,1,1,1,1,1,1,1,0,0,0,0,0,0,0,0,0,0,0.0,0,2.9351,0,0.0,0.0,0.0,0.0,0.0599,0.0,0.0,0.0,0.0,0.0,0.0,0.0,0.0,0.0,0.0,0.0,0.0,0.0,0.0,0.0,10,0.1290933908045977,0.0599,0.0,-0.0599,10,0,0,0,0.0,0.0,0.0,0.7272034965200003,-2.9351,-2.9351,-2.820713771925001,0,-2.820713771925001
36,9:00,0.0,3.8465,0,0.63,0.63,4.425,4.425,4.425,0.55,0,1,1,1,1,1,1,1,1,1,1,8.620689655172414e-05,1.3877787807814457e-17,0.0,2.7755575615628914e-17,0.025818965517241377,0.027629310344827587,0.23946360153256704,0.3210727969348659,0.4210727969348659,0.2816091954022988,1,1,1,1,1,1,1,1,1,1,0,0,0,0,0,0,0,0,0,0,0.0,0,3.8465,0,0.0,0.0,0.0,0.0,0.0,0.0,0.028122864,0.0,0.0,0.0,0.0,0.0,0.0,0.0,0.0,0.0,0.0,0.0,0.0,0.0,10,0.13167528735632184,0.028122864,0.0,-0.028122864,10,0,0,0,0.050377136,0.0,-0.050377136,0.7272034965200003,-3.8465,-3.8465,-2.214890021925001,0,-2.214890021925001
37,9:15,0.0,4.361,0,0.63,0.63,4.95,4.95,4.95,0.5,0,1,1,1,1,1,1,1,1,1,1,8.620689655172414e-05,1.3877787807814457e-17,0.0,2.7755575615628914e-17,0.025818965517241377,0.027629310344827587,0.2515855256704981,0.3210727969348659,0.4210727969348659,0.2816091954022988,1,1,1,1,1,1,1,1,1,1,0,0,0,0,0,0,0,0,0,0,0.0,0,4.361,0,0.0,0.0,0.0,0.0,0.0,0.0,0.0,0.0,0.0,0.0,0.0,0.0,0.0,0.0,0.0,0.0,0.0,0.0,0.0,0.0,10,0.13288747977011495,0.0,0.0,0.0,10,0,0,0,0.089,0.0,-0.089,0.7278080221520002,-4.361,-4.361,-1.528032521925001,0,-1.528032521925001
38,9:30,0.0,4.8314,0,0.63,0.63,5.43,5.43,5.43,0.5,0,1,1,1,1,1,1,1,1,1,1,8.620689655172414e-05,1.3877787807814457e-17,0.0,2.7755575615628914e-17,0.025818965517241377,0.027629310344827587,0.2515855256704981,0.3210727969348659,0.4210727969348659,0.2816091954022988,1,1,1,1,1,1,1,1,1,1,0,0,0,0,0,0,0,0,0,0,0.0,0,4.8314,0,0.0,0.0,0.0,0.0,0.0,0.0,0.0,0.0,0.0,0.0,0.0,0.0,0.0,0.0,0.0,0.0,0.0,0.0,0.0,0.0,10,0.13288747977011495,0.0,0.0,0.0,10,0,0,0,0.0986,0.0,-0.0986,0.7288760221520002,-4.8314,-4.8314,-0.767087021925001,0,-0.767087021925001
39,9:45,0.0,5.3165,0,0.63,0.63,5.925,5.925,5.925,0.5,0,1,1,1,1,1,1,1,1,1,1,8.620689655172414e-05,1.3877787807814457e-17,0.0,2.7755575615628914e-17,0.025818965517241377,0.027629310344827587,0.2515855256704981,0.3210727969348659,0.4210727969348659,0.2816091954022988,1,1,1,1,1,1,1,1,1,1,0,0,0,0,0,0,0,0,0,0,0.0,0,5.3165,0,0.0,0.0,0.0,0.0,0.0,0.0,0.0,0.0,0.0,0.0,0.0,0.0,0.0,0.0,0.0,0.0,0.0,0.0,0.0,0.0,10,0.13288747977011495,0.0,0.0,0.0,10,0,0,0,0.1085,0.0,-0.1085,0.7300592221520003,-5.3165,-5.3165,0.07026172807499897,0,0.07026172807499897
40,10:00,0.0,5.7575,0,0.63,0.63,6.375,6.375,6.375,0.45,0,1,1,1,1,1,1,1,1,1,1,8.620689655172414e-05,1.3877787807814457e-17,0.0,2.7755575615628914e-17,0.025818965517241377,0.027629310344827587,0.2515855256704981,0.3210727969348659,0.4210727969348659,0.2816091954022988,1,1,1,1,1,1,1,1,1,1,0,0,0,0,0,0,0,0,0,0,0.0,0,5.7575,0,0.0,0.0,0.0,0.0,0.0,0.0,0.0,0.0,0.0,0.0,0.0,0.0,0.0,0.0,0.0,0.0,0.0,0.0,0.0,0.0,10,0.13288747977011495,0.0,0.0,0.0,10,0,0,0,0.1175,0.0,-0.1175,0.7313612221520003,-5.7575,-5.7575,0.977067978074999,0,0.977067978074999
41,10:15,0.0,6.125,0,0.63,0.63,6.75,6.75,6.75,0.5,0,1,1,1,1,1,1,1,1,1,1,8.620689655172414e-05,1.3877787807814457e-17,0.0,2.7755575615628914e-17,0.025818965517241377,0.027629310344827587,0.2515855256704981,0.3210727969348659,0.4210727969348659,0.2816091954022988,1,1,1,1,1,1,1,1,1,1,0,0,0,0,0,0,0,0,0,0,0.0,0,6.125,0,0.0,0.0,0.0,0.0,0.0,0.0,0.0,0.0,0.0,0.0,0.0,0.0,0.0,0.0,0.0,0.0,0.0,0.0,0.0,0.0,10,0.13288747977011495,0.0,0.0,0.0,10,0,0,0,0.125,0.0,-0.125,0.7327712221520003,-6.125,-6.125,1.941755478074999,0,1.941755478074999
42,10:30,0.0,6.0645667,0,0.63,0.63,7.155,7.155,7.155,0.53,0,1,1,1,1,1,1,1,1,1,1,8.620689655172414e-05,1.3877787807814457e-17,0.0,2.7755575615628914e-17,0.025818965517241377,0.027629310344827587,0.2515855256704981,0.3210727969348659,0.4210727969348659,0.2816091954022988,1,1,1,1,1,1,1,1,1,1,0,0,0,0,0,0,0,0,0,0,0.0,0,6.0645667,0,0.0,0.0,0.0,0.0,0.0,0.0,0.0,0.0,0.0,0.0,0.0,0.0,0.0,0.0,0.0,0.0,0.0,0.0,0.0,0.0,10,0.13288747977011495,0.0,0.0,0.0,10,0,0,0,0.5904333,0.0,-0.5904333,0.7342712221520002,-6.0645667,-6.0645667,2.8969247333249992,0,2.8969247333249992
43,10:45,0.0,6.86,0,0.63,0.63,7.5,7.5,7.5,0.54,0,1,1,1,1,1,1,1,1,1,1,8.620689655172414e-05,1.3877787807814457e-17,0.0,2.7755575615628914e-17,0.025818965517241377,0.027629310344827587,0.2515855256704981,0.3210727969348659,0.4210727969348659,0.2816091954022988,1,1,1,1,1,1,1,1,1,1,0,0,0,0,0,0,0,0,0,0,0.0,0,6.86,0,0.0,0.0,0.0,0.0,0.0,0.0,0.0,0.0,0.0,0.0,0.0,0.0,0.0,0.0,0.0,0.0,0.0,0.0,0.0,0.0,10,0.13288747977011495,0.0,0.0,0.0,10,0,0,0,0.14,0.0,-0.14,0.7413564217520002,-6.86,-6.86,3.977374733324999,0,3.977374733324999
44,11:00,0.0,7.1834,0,0.63,0.63,7.83,7.83,7.83,0.51,0,1,1,1,1,1,1,1,1,1,1,8.620689655172414e-05,1.3877787807814457e-17,0.0,2.7755575615628914e-17,0.025818965517241377,0.027629310344827587,0.2515855256704981,0.3210727969348659,0.4210727969348659,0.2816091954022988,1,1,1,1,1,1,1,1,1,1,0,0,0,0,0,0,0,0,0,0,0.0,0,7.1834,0,0.0,0.0,0.0,0.0,0.0,0.0,0.0,0.0,0.0,0.0,0.0,0.0,0.0,0.0,0.0,0.0,0.0,0.0,0.0,0.0,10,0.13288747977011495,0.0,0.0,0.0,10,0,0,0,0.1466,0.0,-0.1466,0.7430364217520002,-7.1834,-7.1834,5.108760233324999,0,5.108760233324999
45,11:15,0.0,7.4627,0,0.63,0.63,8.115,8.115,8.115,0.49,0,1,1,1,1,1,1,1,1,1,1,8.620689655172414e-05,1.3877787807814457e-17,0.0,2.7755575615628914e-17,0.025818965517241377,0.027629310344827587,0.2515855256704981,0.3210727969348659,0.4210727969348659,0.2816091954022988,1,1,1,1,1,1,1,1,1,1,0,0,0,0,0,0,0,0,0,0,0.0,0,7.4627,0,0.0,0.0,0.0,0.0,0.0,0.0,0.0,0.0,0.0,0.0,0.0,0.0,0.0,0.0,0.0,0.0,0.0,0.0,0.0,0.0,10,0.13288747977011495,0.0,0.0,0.0,10,0,0,0,0.1523,0.0,-0.1523,0.7447956217520002,-7.4627,-7.4627,6.284135483324999,0,6.284135483324999
46,11:30,0.0,7.6979,0,0.63,0.63,8.355,8.355,8.355,0.46,0,1,1,1,1,1,1,1,1,1,1,8.620689655172414e-05,1.3877787807814457e-17,0.0,2.7755575615628914e-17,0.025818965517241377,0.027629310344827587,0.2515855256704981,0.3210727969348659,0.4210727969348659,0.2816091954022988,1,1,1,1,1,1,1,1,1,1,0,0,0,0,0,0,0,0,0,0,0.0,0,7.6979,0,0.0,0.0,0.0,0.0,0.0,0.0,0.0,0.0,0.0,0.0,0.0,0.0,0.0,0.0,0.0,0.0,0.0,0.15336,0.34128,0.0792,10,0.13288747977011495,0.0,0.57384,0.57384,10,0,0,0,0.73094,0.0,-0.73094,0.7466232217520002,-7.6979,-7.6979,7.496554733324999,0,7.496554733324999
47,11:45,0.0,7.4316667,0,0.63,0.63,8.55,8.55,8.55,0.5,0,1,1,1,1,1,1,1,1,1,1,8.620689655172414e-05,1.3877787807814457e-17,0.0,2.7755575615628914e-17,0.025818965517241377,0.027629310344827587,0.2515855256704981,0.23946360153256707,0.23946360153256704,0.239463601532567,1,1,1,1,1,1,1,1,1,1,0,0,0,0,0,0,0,0,0,0,0.0,0,7.4316667,0,0.0,0.0,0.0,0.0,0.0,0.0,0.0,0.0,0.0,0.0,0.0,0.0,0.0,0.0,0.0,0.0,0.02277952,0.0,0.0,0.0,10,0.102351081302682,0.0,0.02277952,0.02277952,10,0,0,0,0.64111282,0.0,-0.64111282,0.7553945017520003,-7.4316667,-7.4316667,8.667042238574998,0,8.667042238574998
48,12:00,0.0,8.036,0,0.63,0.63,8.7,8.7,8.7,0.5,0,1,1,1,1,1,1,1,1,1,1,8.620689655172414e-05,1.3877787807814457e-17,0.0,2.7755575615628914e-17,0.025818965517241377,0.027629310344827587,0.23946360144742443,0.23946360153256707,0.23946360153256704,0.239463601532567,1,1,1,1,1,1,1,1,1,1,0,0,0,0,0,0,0,0,0,0,0.0,0,8.036,0,0.0,0.0,0.0,0.0,0.0,0.0,0.0,0.0,0.0,0.0,0.000162,0.0,0.0,0.0,0.0,0.051921,0.11882903,0.45,2.0230778e-13,0.45,10,0.10113888888037463,0.0,1.0709120300002022,1.0709120300002022,10,0,0,0,1.234912,0.0,-1.234912,0.7630878555920003,-8.036,-8.036,9.932712238574998,0,9.932712238574998
49,12:15,0.0,8.1095,0,0.63,0.63,8.775,8.775,8.775,0.5,0,1,1,1,1,1,1,1,1,1,1,0.0,1.3877787807814457e-17,0.0,2.7755575615628914e-17,0.025818965517241377,3.469446951953614e-18,0.1762297625798212,2.7755575615628914e-17,0.23946360153245938,0.0,1,1,1,1,1,1,1,1,1,1,0,0,0,0,0,0,0,0,0,0,0.0,0,8.1095,0,0.1655,0.0,0.0,0.0,0.0,0.0,0.0,0.0,0.0,0.0,0.0,0.0,0.0,0.0,0.0,0.0,0.0,0.0,0.0,0.0,10,0.0441512329629522,0.1655,0.0,-0.1655,10,0,0,0,0.0,0.0,0.0,0.7779067995920004,-8.1095,-8.1095,11.209958488574998,0,11.209958488574998
50,12:30,0.0,8.1536,0,0.63,0.63,8.82,8.82,8.82,0.45,0,1,1,1,1,1,1,1,1,1,1,0.07133620689655172,1.3877787807814457e-17,0.0,2.7755575615628914e-17,0.025818965517241377,3.469446951953614e-18,0.1762297625798212,2.7755575615628914e-17,0.23946360153245938,0.0,1,1,1,1,1,1,1,1,1,1,0,0,0,0,0,0,0,0,0,0,0.0,0,8.1536,0,0.0,0.0,0.0,0.0,0.0,0.0,0.0,0.0,0.0,0.0,0.0,0.0,0.0,0.0,0.0,0.0,0.16550003,0.0,0.0,0.0,10,0.051284853652607376,0.0,0.16550003,0.16550003,10,0,0,0,0.33190003,0.0,-0.33190003,0.7779067995920004,-8.1536,-8.1536,12.494150488574999,0,12.494150488574999
51,12:45,0.0,8.1389,0,0.63,0.63,8.805,8.805,8.805,0.5,0,1,1,1,1,1,1,1,1,1,1,0.07133620689655172,1.3877787807814457e-17,0.0,2.7755575615628914e-17,0.025818965517241377,3.469446951953614e-18,0.08816035538527034,2.7755575615628914e-17,0.23946360153245938,0.0,1,1,1,1,1,1,1,1,1,1,0,0,0,0,0,0,0,0,0,0,0.0,0,8.1389,0,0.0,0.0,0.0,0.0,0.0,0.0,0.0,0.0,0.0,0.0,0.0,0.0,0.0,0.0,0.0,0.0,3.9999646e-09,0.0,0.0,0.0,10,0.042477912933152284,0.0,3.9999646e-09,3.9999646e-09,10,0,0,0,0.1661,0.0,-0.1661,0.7818895999520004,-8.1389,-8.1389,13.776027238574999,0,13.776027238574999
52,13:00,0.0,8.0801,0,0.63,0.63,8.745,8.745,8.745,0.55,0,1,1,1,1,1,1,1,1,1,1,0.07133620689655172,1.3877787807814457e-17,0.0,2.7755575615628914e-17,0.025818965517241377,3.469446951953614e-18,0.08816035325672383,2.7755575615628914e-17,0.23946360153245938,0.0,1,1,1,1,1,1,1,1,1,1,0,0,0,0,0,0,0,0,0,0,0.0,0,8.0801,0,0.0,0.0,0.0,0.0,0.0,0.0,0.0,0.0,0.0,0.0,0.134055,0.0,0.0,0.0,0.0,0.0,0.0048865356,0.0,0.45,0.0,10,0.04247791272029764,0.0,0.5889415356000001,0.5889415356000001,10,0,0,0,0.75384154,0.0,-0.75384154,0.7838827999520004,-8.0801,-8.0801,15.048642988574999,0,15.048642988574999
53,13:15,0.0,7.9919,0,0.63,0.63,8.655,8.655,8.655,0.5,0,1,1,1,1,1,1,1,1,1,1,0.0,1.3877787807814457e-17,0.0,2.7755575615628914e-17,0.025818965517241377,3.469446951953614e-18,0.08556002567051693,2.7755575615628914e-17,0.0,0.0,1,1,1,1,1,1,1,1,1,1,0,0,0,0,0,0,0,0,0,0,0.0,0,7.9919,0,0.0,0.0,0.0,0.0,0.0,0.0,0.0,0.0,0.0,0.0,0.0,0.0,0.0,0.0,0.0,0.0,0.1607844,0.0,0.0,0.0,10,0.011137899118775838,0.0,0.1607844,0.1607844,10,0,0,0,0.3238844,0.0,-0.3238844,0.7929288984320004,-7.9919,-7.9919,16.307367238574997,0,16.307367238574997
54,13:30,0.0,7.8449,0,0.63,0.63,8.505,8.505,8.505,0.5,0,1,1,1,1,1,1,1,1,1,1,0.0,1.3877787807814457e-17,0.0,2.7755575615628914e-17,0.025818965517241377,3.469446951953614e-18,1.2773276880650997e-10,2.7755575615628914e-17,0.0,0.0,1,1,1,1,1,1,1,1,1,1,0,0,0,0,0,0,0,0,0,0,0.0,0,7.8449,0,0.0,0.0,0.0,0.0,0.0,0.1601,0.0,0.0,0.0,0.0,0.0,0.0,0.0,0.0,0.0,0.0,0.0,0.0,0.0,0.0,10,0.002581896564497422,0.1601,0.0,-0.1601,10,0,0,0,0.0,0.0,0.0,0.7968155112320005,-7.8449,-7.8449,17.542938988574996,0,17.542938988574996
55,13:45,0.0,7.6832,0,0.63,0.63,8.34,8.34,8.34,0.5,0,1,1,1,1,1,1,1,1,1,1,0.0,1.3877787807814457e-17,0.0,2.7755575615628914e-17,0.025818965517241377,0.06900862068965517,1.2773276880650997e-10,2.7755575615628914e-17,0.0,0.0,1,1,1,1,1,1,1,1,1,1,0,0,0,0,0,0,0,0,0,0,0.0,0,7.6832,0,0.0,0.0,0.0,0.0,0.0,0.0,0.0,0.0,0.0,0.0,0.0,0.0,0.0,0.0,0.0,0.0,0.0,0.0,0.0,0.0,10,0.00948275863346294,0.0,0.0,0.0,10,0,0,0,0.1568,0.0,-0.1568,0.7968155112320005,-7.6832,-7.6832,18.753042988574997,0,18.753042988574997
56,14:00,0.0,7.4627,0,0.63,0.63,8.115,8.115,8.115,0.45,0,1,1,1,1,1,1,1,1,1,1,0.0,1.3877787807814457e-17,0.0,2.7755575615628914e-17,0.025818965517241377,0.06900862068965517,1.2773276880650997e-10,2.7755575615628914e-17,0.0,0.0,1,1,1,1,1,1,1,1,1,1,0,0,0,0,0,0,0,0,0,0,0.0,0,7.4627,0,0.22192594,0.0,0.0,0.0,0.0,0.0,0.0,0.0,0.0,0.0,0.0,0.0,0.0,0.0,0.048519,0.129681,0.0,0.0,0.0,0.0,10,0.00948275863346294,0.22192594,0.1782,-0.04372593999999999,10,0,0,0,0.10857406,0.0,-0.10857406,0.7986971112320005,-7.4627,-7.4627,19.928418238575,0,19.928418238575
57,14:15,0.0,7.2128,0,0.63,0.63,7.86,7.86,7.86,0.5,0,1,1,1,1,1,1,1,1,1,1,0.09565773275862069,1.3877787807814457e-17,0.0,2.7755575615628914e-17,0.0,0.0,1.2773276880650997e-10,2.7755575615628914e-17,0.0,0.0,1,1,1,1,1,1,1,1,1,1,0,0,0,0,0,0,0,0,0,0,0.0,0,7.2128,0,0.0,0.32696001,0.0,0.0,0.0,0.0,0.0,0.0,0.0,0.0,0.17976001,0.0,0.0,0.0,0.0,0.0,0.0,0.0,0.0,0.0,10,0.009565773288635353,0.32696001,0.17976001,-0.14720000000000003,10,0,0,0,0.0,0.0,0.0,0.7999999999520004,-7.2128,-7.2128,21.064434238575,0,21.064434238575
58,14:30,0.0,6.9188,0,0.63,0.63,7.56,7.56,7.56,0.53,0,1,1,1,1,1,1,1,1,1,1,7.449978828288906e-10,0.14093103879310348,0.0,2.7755575615628914e-17,0.0,0.0,1.2773276880650997e-10,2.7755575615628914e-17,0.0,0.0,1,1,1,1,1,1,1,1,1,1,0,0,0,0,0,0,0,0,0,0,0.0,0,6.9188,0,0.0,0.0,0.0,0.0,0.40603761,0.0,0.0,0.0,0.0,0.0,0.0,0.26483761,0.0,0.0,0.0,0.0,0.0,0.0,0.0,0.0,10,0.01409310396658342,0.40603761,0.26483761,-0.1412,10,0,0,0,0.0,0.0,0.0,0.7999999999520004,-6.9188,-6.9188,22.154145238575,0,22.154145238575
59,14:45,0.0,6.3749,0,0.63,0.63,7.005,7.005,7.005,0.54,0,1,1,1,1,1,1,1,1,1,1,7.449978828288906e-10,0.0,0.0,2.7755575615628914e-17,0.17501621120689653,0.0,1.2773276880650997e-10,2.7755575615628914e-17,0.0,0.0,1,1,1,1,1,1,1,1,1,1,0,0,0,0,0,0,0,0,0,0,0.0,0,6.3749,0,0.0,0.0,0.0,0.0,0.0,0.0,0.0,0.0,0.0,0.45899046,0.0,0.0,0.0,0.0,0.32889046,0.0,0.0,0.0,0.0,0.0,10,0.017501621207962722,0.45899046,0.32889046,-0.1301,10,0,0,0,0.0,0.0,0.0,0.7999999999520004,-6.3749,-6.3749,23.158191988575002,0,23.158191988575002
60,15:00,0.0,6.2426,0,0.63,0.63,6.87,6.87,6.87,0.51,0,1,1,1,1,1,1,1,1,1,1,7.449978828288906e-10,0.0,0.0,2.7755575615628914e-17,2.1817794793044243e-09,0.0,1.2773276880650997e-10,2.7755575615628914e-17,0.0,0.19784071551724136,1,1,1,1,1,1,1,1,1,1,0,0,0,0,0,0,0,0,0,0,0.0,0,6.2426,0,0.0,0.0,0.0,0.0,0.0,0.0,0.0,0.0,0.49918227,0.0,0.0,0.0,0.0,0.0,0.0,0.0,0.0,0.0,0.0,0.37178227,10,0.019784071857175158,0.49918227,0.37178227,-0.12739999999999996,10,0,0,0,0.0,0.0,0.0,0.7999999999520004,-6.2426,-6.2426,24.141401488575003,0,24.141401488575003
61,15:15,0.0,5.831,0,0.63,0.63,6.45,6.45,6.45,0.49,0,1,1,1,1,1,1,1,1,1,1,7.449978828288906e-10,0.0,0.0,2.7755575615628914e-17,2.1817794793044243e-09,0.0,1.2773276880650997e-10,2.7755575615628914e-17,0.21516477155172414,1.383567455048862e-09,1,1,1,1,1,1,1,1,1,1,0,0,0,0,0,0,0,0,0,0,0.0,0,5.831,0,0.33925822,0.0,0.0,0.0,0.0,0.0,0.0,0.097777778,0.0,0.097777778,0.0,0.0,0.0,0.0,0.0,0.0,0.0,0.0,0.0,0.0,10,0.02151647759898018,0.534813776,0.0,-0.534813776,10,0,0,0,0.0,0.41581378,0.41581378,0.7999999999520004,-5.831,-5.831,25.059783988575003,0,25.059783988575003
62,15:30,0.0,4.9032667,0,0.63,0.63,5.97,5.97,5.97,0.46,0,1,1,1,1,1,1,1,1,1,1,0.1462319921243082,0.0,0.0,2.7755575615628914e-17,2.1817794793044243e-09,0.0,1.2773276880650997e-10,0.042145593965517265,0.21516477155172414,0.04214559534908469,1,1,1,1,1,1,1,1,1,1,0,0,0,0,0,0,0,0,0,0,0.0,0,4.9032667,0,0.0,0.0,0.54401111,0.0,0.0,0.0,0.0,0.55555556,0.0,0.55555556,0.0,0.0,0.0,0.0,0.0,0.0,0.0,0.0,0.0,0.0,10,0.04456879553001466,1.65512223,0.0,-1.65512223,10,0,0,0,0.0,1.0883889,1.0883889,0.7945857580249172,-4.9032667,-4.9032667,25.832048493825003,0,25.832048493825003
63,15:45,0.0,2.2180667,0,0.63,0.63,5.445,5.445,5.445,0.5,0,1,1,1,1,1,1,1,1,1,1,0.1462319921243082,0.0,0.2344875474137931,2.7755575615628914e-17,2.1817794793044243e-09,0.0,1.2773276880650997e-10,0.28160919741379314,0.21516477155172414,0.28160919879736057,1,1,1,1,1,1,1,1,1,1,0,0,0,0,0,0,0,0,0,0,0.0,0,2.2180667,0,0.55555556,0.0,0.55555556,0.0,0.0,0.0,0.0,0.23368004,0.55555556,0.0,0.0,0.0,0.0,0.0,0.0,0.0,0.0,0.0,0.0,0.0,10,0.11591027096104915,1.90034672,0.0,-1.90034672,10,0,0,0,0.82658659,0.0,-0.82658659,0.7804140275561672,-2.2180667,-2.2180667,26.181393999075002,0,26.181393999075002
64,16:00,0.0,1.3622,0,0.63,0.63,4.89,4.89,4.89,0.5,0,1,1,1,1,1,1,1,1,1,1,0.38569559557258404,0.0,0.47395115086206896,2.7755575615628914e-17,2.1817794793044243e-09,0.0,1.2773276880650997e-10,0.38233335258620693,0.454628375,0.28160919879736057,1,1,1,1,1,1,1,1,1,1,0,0,0,0,0,0,0,0,0,0,0.0,0,1.3622,0,0.55555556,0.55555556,0.0,0.0,0.55555556,0.0,0.0,0.55555556,0.55555556,0.55555556,0.0,0.0,0.36443229,0.0,0.0,0.0,0.0,0.0,0.0,0.0,10,0.19782176751277328,3.33333336,0.36443229,-2.9689010700000003,10,0,0,0,0.058898959,0.0,-0.058898959,0.7903330666361672,-1.3622,-1.3622,26.395940499075003,0,26.395940499075003
65,16:15,0.0,0.0,0,0.63,0.63,4.335,4.335,4.335,0.5,0,1,1,1,1,1,1,1,1,1,1,0.6251591990208599,0.23946360344827586,0.28002166491060027,2.7755575615628914e-17,0.23946360563005534,0.0,1.2773276880650997e-10,0.6217969560344828,0.6940919784482759,0.5210728022456365,1,1,1,1,1,1,1,1,1,1,0,0,0,0,0,0,0,0,0,0,0.0,0,0.0,0,0.0,0.0,0.0,0.55555556,0.55555556,0.55555556,0.55555556,0.55555556,0.55555556,0.55555556,0.45,0.0,0.35056771,0.0,0.0,0.0,0.0,0.0,0.0,0.0,10,0.3221069809865919,3.8888889200000003,0.8005677099999999,-3.08832121,10,0,0,0,0.74667882,0.0,-0.74667882,0.7910398541441672,0.0,0.0,26.395940499075003,0,26.395940499075003
66,16:30,0.0,3.2144,0,1.06,1.06,3.78,3.78,3.78,0.4,0,1,1,1,1,1,1,1,1,1,1,0.38569559748829285,0.23946360344827586,0.09347009509365692,0.23946360344827589,0.4789272090783312,0.23946360344827586,0.23946360357600863,0.8612605594827587,0.9335555818965517,0.7605364056939123,1,1,1,1,1,1,1,1,1,1,0,0,0,0,0,0,0,0,0,0,0.0,0,3.2144,0,0.0,0.0,0.55555556,0.55555556,0.097777764,0.55555556,0.55555556,0.0,0.0,0.0,0.19559917,0.0,0.0,0.0,0.0,0.0,0.0,0.45,0.45,0.45000001,10,0.447129986265434,2.3200000039999997,1.54559918,-0.7744008239999998,10,0,0,0,0.0,0.70880081,0.70880081,0.7999999999841673,-3.2144,-3.2144,27.247756499075003,0,27.247756499075003
67,16:45,0.0,2.6264,0,1.06,1.06,3.18,3.18,3.18,0.4,0,1,1,1,1,1,1,1,1,1,1,0.28160919369944654,0.23946360344827586,0.3329336985419328,0.47892720689655177,0.5210727970093657,0.4789272068965517,0.4789272070242845,0.6217969579501916,0.6940919803639847,0.521072798839932,1,1,1,1,1,1,1,1,1,1,0,0,0,0,0,0,0,0,0,0,0.0,0,2.6264,0,0.55555556,0.55555556,0.0,0.0,0.0,0.55555556,0.55555556,0.3218755,0.55555556,0.55555556,0.0,0.0,0.046789003,0.45,0.45,0.0,0.0,0.0,0.0,0.0,10,0.46488226506705177,3.65520886,0.946789003,-2.708419857,10,0,0,0,0.0,2.6548198,2.6548198,0.7907708227706256,-2.6264,-2.6264,27.943752499075003,0,27.943752499075003
68,17:00,0.0,2.0384,0,1.06,1.06,2.58,2.58,2.58,0.45,0,1,1,1,1,1,1,1,1,1,1,0.5210727971477224,0.4789272068965517,0.30803533594082594,0.23946360536398473,0.28160919547679863,0.7183908103448275,0.7183908104725604,0.7605363976053641,0.9335555838122606,0.7605364022882078,1,1,1,1,1,1,1,1,1,1,0,0,0,0,0,0,0,0,0,0,0.0,0,2.0384,0,0.0,0.55555556,0.49424691,0.55555556,0.55555556,0.0,0.55555556,0.0,0.15415105,0.0,0.0,0.0,0.0,0.0,0.0,0.0093510108,0.0,0.0,0.0,0.45,10,0.5720518145349105,2.8706202,0.4593510108,-2.4112691892,10,0,0,0,0.0,2.3696692,2.3696692,0.7562028566247923,-2.0384,-2.0384,28.483928499075002,0,28.483928499075002
69,17:15,0.0,1.4651,0,1.06,1.06,1.995,1.995,1.995,0.5,0,1,1,1,1,1,1,1,1,1,1,0.5210727971477224,0.7183908103448275,0.5210727971477225,0.4789272088122606,0.5210727989250745,0.7134147509578543,0.9578544139208363,0.7605363976053641,1.0,0.5210728007556408,1,1,1,1,1,1,1,1,1,1,0,0,0,0,0,0,0,0,0,0,0.0,0,1.4651,0,0.55555556,0.0,0.0,0.44698763,0.55555556,0.10932222,0.0,0.55555556,0.0,0.55555556,0.0,0.37080001,0.0,0.0,0.0,0.0,0.37080001,0.0,0.45,0.0,10,0.6713414775617303,2.7785320899999997,1.19160002,-1.5869320699999996,10,0,0,0,0.0,1.5570321,1.5570321,0.7253477889164589,-1.4651,-1.4651,28.872179999075,0,28.872179999075
70,17:30,0.0,0.8918,0,1.06,1.06,1.41,1.41,1.41,0.55,0,1,1,1,1,1,1,1,1,1,1,0.7605364005959983,0.5210727973605789,0.5210727971477225,0.6715942907088124,0.7605364023733504,0.7605363975095785,0.7605364009365876,1.0,0.7605363984674329,0.7605364042039167,1,1,1,1,1,1,1,1,1,1,0,0,0,0,0,0,0,0,0,0,0.0,0,0.8918,0,0.0,0.55555556,0.4937099,0.55480125,0.45777777,0.0,0.45777777,0.0,0.0,0.45777776,0.079200004,0.0,0.0,0.0,0.0,0.0,0.0,0.0,0.0,0.0,10,0.7276958289303979,2.9774000099999998,0.079200004,-2.8982000059999997,10,0,0,0,0.0,2.88,2.88,0.7050739334477089,-0.8918,-0.8918,29.108506999075,0,29.108506999075
71,17:45,0.0,0.3479,0,1.06,1.06,0.855,0.855,0.855,0.5,0,1,1,1,1,1,1,1,1,1,1,0.7183908045977011,0.7605364008088548,0.7338787885270328,0.9107327605363986,0.9578544066836953,0.7605363975095785,0.9578544052469324,1.0,0.7605363984674329,0.9578544042039167,1,1,1,1,1,1,1,1,1,1,0,0,0,0,0,0,0,0,0,0,0.0,0,0.3479,0,0.55555556,0.50834568,0.51962343,0.2071,0.0,0.55555556,2.0492558e-09,0.0,0.55555556,0.097777782,0.0,0.0,0.0,0.0,0.11241356,0.0,0.0,0.0,0.0,0.0,10,0.8518174766581541,2.999513574049256,0.11241356,-2.887100014049256,10,0,0,0,0.0,2.88,2.88,0.6675739334477089,-0.3479,-0.3479,29.200700499075,0,29.200700499075
72,18:00,0.0,6.9041,0,1.65,1.65,0.165,0.165,0.165,0.5,0,1,1,1,1,1,1,1,1,1,1,0.957854408045977,0.9796509180502341,0.9578544049063431,1.0,0.8980345045977012,1.0,0.9578544061302323,1.0,1.0,0.9999999998935718,1,1,1,1,1,1,1,1,1,1,0,0,0,0,0,0,0,0,0,0,0.0,0,6.9041,0,0.0,0.0,0.0,0.0,0.0,0.0,0.0,0.0,0.0,0.0,0.45,0.45,0.45,0.3091,0.45,0.45,0.45,0.45,0.45,0.45,10,0.975124864162406,0.0,4.359100000000001,4.359100000000001,10,0,0,0,0.0,2.88,2.88,0.6300739334477089,-6.9041,-6.9041,32.048641749075,0,32.048641749075
73,18:15,0.0,6.7424,0,1.65,1.65,0.0,0.0,0.0,0.5,0,1,1,1,1,1,1,1,1,1,1,0.7183908065134099,0.740187316517667,0.718390803373776,0.8355151128139634,0.6585709030651341,0.7605363984674329,0.7183908045976652,0.7605363984674329,0.7605363984674329,0.7605363983610047,1,1,1,1,1,1,1,1,1,1,0,0,0,0,0,0,0,0,0,0,0.0,0,6.7424,0,0.0,0.0,0.0,0.0,0.0,0.0,0.0,0.0,0.0,0.0,0.45,0.3124,0.45,0.45,0.45,0.45,0.45,0.45,0.45,0.45,10,0.743159134064492,0.0,4.362400000000001,4.362400000000001,10,0,0,0,0.0,2.88,2.88,0.5925739334477089,-6.7424,-6.7424,34.829881749075,0,34.829881749075
74,18:30,0.0,6.7424,0,1.65,1.65,0.0,0.0,0.0,0.45,0,1,1,1,1,1,1,1,1,1,1,0.47892720498084285,0.5739463629203916,0.47892720184120896,0.5960515112813963,0.41910730153256703,0.5210727969348659,0.4789272030650982,0.5210727969348659,0.5210727969348659,0.5210727968284377,1,1,1,1,1,1,1,1,1,1,0,0,0,0,0,0,0,0,0,0,0.0,0,6.7424,0,0.0,0.0,0.0,0.0,0.0,0.0,0.0,0.0,0.0,0.0,0.45,0.45,0.45,0.45,0.45,0.35770001,0.45,0.45,0.45,0.45,10,0.511017797325454,0.0,4.40770001,4.40770001,10,0,0,0,0.0,2.8347,2.8347,0.555073933447709,-6.7424,-6.7424,37.611121749075,0,37.611121749075
75,18:45,0.0,6.7424,0,1.65,1.65,0.0,0.0,0.0,0.5,0,1,1,1,1,1,1,1,1,1,1,0.2394636034482758,0.3344827613878245,0.23946360030864192,0.35658790974882926,0.1796437,0.3307258354618986,0.23946360153253113,0.2816091954022988,0.2816091954022988,0.2816091952958706,1,1,1,1,1,1,1,1,1,1,0,0,0,0,0,0,0,0,0,0,0.0,0,6.7424,0,0.0,0.0,0.0,0.0,0.0,0.0,0.0,0.0,0.0,0.0,0.45,0.45,0.45,0.45,0.33758644,0.45,0.45,0.45,0.45,0.45,10,0.2764658597988469,0.0,4.387586440000001,4.387586440000001,10,0,0,0,0.0,2.8548136,2.8548136,0.5181637771977089,-6.7424,-6.7424,40.39236174907499,0,40.39236174907499
76,19:00,0.0,3.10856,0,1.65,1.65,0.0,0.0,0.0,0.53,0,1,1,1,1,1,1,1,1,1,1,1.9157087582932775e-09,0.09501915985525747,0.0,0.11712430821626221,5.534269986728901e-10,0.09126223392933155,0.0,0.04214559386973174,0.04214559386973174,0.04214559376330354,1,1,1,1,1,1,1,1,1,1,0,0,0,0,0,0,0,0,0,0,0.0,0,3.10856,0,0.0,0.0,0.0,0.0,0.0,0.0,0.0,0.0,0.0,0.0,0.0,0.17856001,0.0,0.2201,0.0,0.092299995,0.0,0.0792,0.0792,0.0792,10,0.0429842485972754,0.0,0.7285600050000001,0.7285600050000001,10,0,0,0,0.0,2.88,2.88,0.48099172511437555,-3.10856,-3.10856,41.67464274907499,0,41.67464274907499
77,19:15,0.0,2.3324,0,1.65,1.65,0.0,0.0,0.0,0.54,0,1,1,1,1,1,1,1,1,1,1,1.9157087582932775e-09,0.0,0.0,0.0,5.534269986728901e-10,0.04214559120902504,0.0,0.0,0.0,0.0,1,1,1,1,1,1,1,1,1,1,0,0,0,0,0,0,0,0,0,0,0.0,0,2.3324,0,0.0,0.0,0.0,0.0,0.0,0.0,0.0,0.0,0.0,0.0,0.0,0.0,0.0,0.0,0.0,0.0,0.0,0.0,0.0,0.0,10,0.00421455936781608,0.0,0.0,0.0,10,0,0,0,0.0,2.8324,2.8324,0.44349172511437557,-2.3324,-2.3324,42.63675774907499,0,42.63675774907499
78,19:30,0.0,2.3324,0,1.65,1.65,0.0,0.0,0.0,0.51,0,1,1,1,1,1,1,1,1,1,1,1.9157087582932775e-09,0.0,0.0,0.0,5.534269986728901e-10,0.04214559120902504,0.0,0.0,0.0,0.0,1,1,1,1,1,1,1,1,1,1,0,0,0,0,0,0,0,0,0,0,0.0,0,2.3324,0,0.0,0.0,0.0,0.0,0.0,0.0,0.0,0.0,0.0,0.0,0.0,0.0,0.0,0.0,0.0,0.0,0.0,0.0,0.0,0.0,10,0.00421455936781608,0.0,0.0,0.0,10,0,0,0,0.0,2.8324,2.8324,0.40661151678104224,-2.3324,-2.3324,43.598872749074985,0,43.598872749074985
79,19:45,0.0,2.3324,0,1.65,1.65,0.0,0.0,0.0,0.49,0,1,1,1,1,1,1,1,1,1,1,1.9157087582932775e-09,0.0,0.0,0.0,5.534269986728901e-10,0.04214559120902504,0.0,0.0,0.0,0.0,1,1,1,1,1,1,1,1,1,1,0,0,0,0,0,0,0,0,0,0,0.0,0,2.3324,0,0.0,0.0,0.0,0.0,0.0,0.0,0.0,0.0,0.0,0.0,0.0,0.0,0.0,0.0,0.0,0.0,0.0,0.0,0.0,0.0,10,0.00421455936781608,0.0,0.0,0.0,10,0,0,0,0.0,2.8324,2.8324,0.3697313084477089,-2.3324,-2.3324,44.56098774907498,0,44.56098774907498
80,20:00,0.0,2.3324,0,1.65,1.65,0.0,0.0,0.0,0.46,0,1,1,1,1,1,1,1,1,1,1,1.9157087582932775e-09,0.0,0.0,0.0,5.534269986728901e-10,0.04214559120902504,0.0,0.0,0.0,0.0,1,1,1,1,1,1,1,1,1,1,0,0,0,0,0,0,0,0,0,0,0.0,0,2.3324,0,0.0,0.0,0.0,0.0,0.0,0.0,0.0,0.0,0.0,0.0,0.0,0.0,0.0,0.0,0.0,0.0,0.0,0.0,0.0,0.0,10,0.00421455936781608,0.0,0.0,0.0,10,0,0,0,0.0,2.8324,2.8324,0.3328511001143756,-2.3324,-2.3324,45.52310274907498,0,45.52310274907498
81,20:15,0.0,2.3324,0,1.65,1.65,0.0,0.0,0.0,0.5,0,1,1,1,1,1,1,1,1,1,1,1.9157087582932775e-09,0.0,0.0,0.0,5.534269986728901e-10,0.04214559120902504,0.0,0.0,0.0,0.0,1,1,1,1,1,1,1,1,1,1,0,0,0,0,0,0,0,0,0,0,0.0,0,2.3324,0,0.0,0.0,0.0,0.0,0.0,0.0,0.0,0.0,0.0,0.0,0.0,0.0,0.0,0.0,0.0,0.0,0.0,0.0,0.0,0.0,10,0.00421455936781608,0.0,0.0,0.0,10,0,0,0,0.0,2.8324,2.8324,0.29597089178104224,-2.3324,-2.3324,46.48521774907498,0,46.48521774907498
82,20:30,0.51020408,0.0,0,1.06,1.06,0.0,0.0,0.0,0.5,0,1,1,1,1,1,1,1,1,1,1,1.9157087582932775e-09,0.0,0.0,0.0,5.534269986728901e-10,0.04214559120902504,0.0,0.0,0.0,0.0,1,1,1,1,1,1,1,1,1,1,0,0,0,0,0,0,0,0,0,0,0.51020408,0,0.0,0,0.0,0.0,0.0,0.0,0.0,0.0,0.0,0.0,0.0,0.0,0.0,0.0,0.0,0.0,0.0,0.079199995,0.0,0.0,0.0,0.0,10,0.00421455936781608,0.0,0.079199995,0.079199995,10,0,0,0,0.089404075,0.0,-0.089404075,0.2590906834477089,0.51020408,0.51020408,46.350013667874975,0,46.350013667874975
83,20:45,0.51020408,0.0,0,1.06,1.06,0.0,0.0,0.0,0.5,0,1,1,1,1,1,1,1,1,1,1,1.9157087582932775e-09,0.0,0.0,0.0,5.534269986728901e-10,0.0,0.0,0.0,0.0,0.0,1,1,1,1,1,1,1,1,1,1,0,0,0,0,0,0,0,0,0,0,0.51020408,0,0.0,0,0.0,0.0,0.0,0.0,0.0,0.0,0.0,0.0,0.0,0.0,0.0,0.0,0.0,0.0,0.0,0.0,0.0,0.0,0.0,0.0,10,2.4691357569661675e-10,0.0,0.0,0.0,10,0,0,0,0.01020408,0.0,-0.01020408,0.2601635323477089,0.51020408,0.51020408,46.214809586674974,0,46.214809586674974
84,21:00,0.51020408,0.0,0,1.06,1.06,0.0,0.0,0.0,0.45,0,1,1,1,1,1,1,1,1,1,1,1.9157087582932775e-09,0.0,0.0,0.0,5.534269986728901e-10,0.0,0.0,0.0,0.0,0.0,1,1,1,1,1,1,1,1,1,1,0,0,0,0,0,0,0,0,0,0,0.51020408,0,0.0,0,0.0,0.0,0.0,0.0,0.0,0.0,0.0,0.0,0.0,0.0,0.0,0.0,0.0,0.0,0.0,0.0,0.0,0.0,0.0,0.0,10,2.4691357569661675e-10,0.0,0.0,0.0,10,0,0,0,0.01020408,0.0,-0.01020408,0.2602859813077089,0.51020408,0.51020408,46.07960550547497,0,46.07960550547497
85,21:15,0.51020408,0.0,0,1.06,1.06,0.0,0.0,0.0,0.5,0,1,1,1,1,1,1,1,1,1,1,1.9157087582932775e-09,0.0,0.0,0.0,5.534269986728901e-10,0.0,0.0,0.0,0.0,0.0,1,1,1,1,1,1,1,1,1,1,0,0,0,0,0,0,0,0,0,0,0.51020408,0,0.0,0,0.0,0.0,0.0,0.0,0.0,0.0,0.0,0.0,0.0,0.0,0.0,0.0,0.0,0.0,0.0,0.0,0.0,0.0,0.0,0.0,10,2.4691357569661675e-10,0.0,0.0,0.0,10,0,0,0,0.01020408,0.0,-0.01020408,0.26040843026770893,0.51020408,0.51020408,45.94440142427497,0,45.94440142427497
86,21:30,0.51020408,0.0,0,1.06,1.06,0.0,0.0,0.0,0.55,0,1,1,1,1,1,1,1,1,1,1,1.9157087582932775e-09,0.0,0.0,0.0,5.534269986728901e-10,0.0,0.0,0.0,0.0,0.0,1,1,1,1,1,1,1,1,1,1,0,0,0,0,0,0,0,0,0,0,0.51020408,0,0.0,0,0.0,0.0,0.0,0.0,0.0,0.0,0.0,0.0,0.0,0.0,0.0,0.0,0.0,0.0,0.0,0.0,0.0,0.0,0.0,0.0,10,2.4691357569661675e-10,0.0,0.0,0.0,10,0,0,0,0.01020408,0.0,-0.01020408,0.26053087922770896,0.51020408,0.51020408,45.80919734307497,0,45.80919734307497
87,21:45,0.51020408,0.0,0,0.63,0.63,0.0,0.0,0.0,0.5,0,1,1,1,1,1,1,1,1,1,1,1.9157087582932775e-09,0.0,0.0,0.0,5.534269986728901e-10,0.0,0.0,0.0,0.0,0.0,1,1,1,1,1,1,1,1,1,1,0,0,0,0,0,0,0,0,0,0,0.51020408,0,0.0,0,0.0,0.0,0.0,0.0,0.0,0.0,0.0,0.0,0.0,0.0,0.0,0.0,0.0,0.0,0.0,0.0,0.0,0.0,0.0,0.0,10,2.4691357569661675e-10,0.0,0.0,0.0,10,0,0,0,0.01020408,0.0,-0.01020408,0.260653328187709,0.51020408,0.51020408,45.72884020047497,0,45.72884020047497
88,22:00,0.51020408,0.0,0,0.63,0.63,0.0,0.0,0.0,0.5,0,1,1,1,1,1,1,1,1,1,1,1.9157087582932775e-09,0.0,0.0,0.0,5.534269986728901e-10,0.0,0.0,0.0,0.0,0.0,1,1,1,1,1,1,1,1,1,1,0,0,0,0,0,0,0,0,0,0,0.51020408,0,0.0,0,0.0,0.0,0.0,0.0,0.0,0.0,0.0,0.0,0.0,0.0,0.0,0.0,0.0,0.0,0.0,0.0,0.0,0.0,0.0,0.0,10,2.4691357569661675e-10,0.0,0.0,0.0,10,0,0,0,0.01020408,0.0,-0.01020408,0.260775777147709,0.51020408,0.51020408,45.64848305787497,0,45.64848305787497
89,22:15,0.51020408,0.0,0,0.63,0.63,0.0,0.0,0.0,0.5,0,1,1,1,1,1,1,1,1,1,1,1.9157087582932775e-09,0.0,0.0,0.0,5.534269986728901e-10,0.0,0.0,0.0,0.0,0.0,1,1,1,1,1,1,1,1,1,1,0,0,0,0,0,0,0,0,0,0,0.51020408,0,0.0,0,0.0,0.0,0.0,0.0,0.0,0.0,0.0,0.0,0.0,0.0,0.0,0.0,0.0,0.0,0.0,0.0,0.0,0.0,0.0,0.0,10,2.4691357569661675e-10,0.0,0.0,0.0,10,0,0,0,0.01020408,0.0,-0.01020408,0.260898226107709,0.51020408,0.51020408,45.56812591527497,0,45.56812591527497
90,22:30,0.51020408,0.0,0,0.63,0.63,0.0,0.0,0.0,0.45,0,1,1,1,1,1,1,1,1,1,1,1.9157087582932775e-09,0.0,0.0,0.0,5.534269986728901e-10,0.0,0.0,0.0,0.0,0.0,1,1,1,1,1,1,1,1,1,1,0,0,0,0,0,0,0,0,0,0,0.51020408,0,0.0,0,0.0,0.0,0.0,0.0,0.0,0.0,0.0,0.0,0.0,0.0,0.0,0.0,0.0,0.0,0.0,0.0,0.0,0.0,0.0,0.0,10,2.4691357569661675e-10,0.0,0.0,0.0,10,0,0,0,0.01020408,0.0,-0.01020408,0.26102067506770904,0.51020408,0.51020408,45.48776877267497,0,45.48776877267497
91,22:45,0.51020408,0.0,0,0.63,0.63,0.0,0.0,0.0,0.5,0,1,1,1,1,1,1,1,1,1,1,1.9157087582932775e-09,0.0,0.0,0.0,5.534269986728901e-10,0.0,0.0,0.0,0.0,0.0,1,1,1,1,1,1,1,1,1,1,0,0,0,0,0,0,0,0,0,0,0.51020408,0,0.0,0,0.0,0.0,0.0,0.0,0.0,0.0,0.0,0.0,0.0,0.0,0.0,0.0,0.0,0.0,0.0,0.0,0.0,0.0,0.0,0.0,10,2.4691357569661675e-10,0.0,0.0,0.0,10,0,0,0,0.01020408,0.0,-0.01020408,0.26114312402770906,0.51020408,0.51020408,45.40741163007497,0,45.40741163007497
92,23:00,0.51020408,0.0,0,0.63,0.63,0.0,0.0,0.0,0.53,0,1,1,1,1,1,1,1,1,1,1,1.9157087582932775e-09,0.0,0.0,0.0,5.534269986728901e-10,0.0,0.0,0.0,0.0,0.0,1,1,1,1,1,1,1,1,1,1,0,0,0,0,0,0,0,0,0,0,0.51020408,0,0.0,0,0.0,0.0,0.0,0.0,0.0,0.0,0.0,0.0,0.0,0.0,0.0,0.0,0.0,0.0,0.0,0.0,0.0,0.0,0.0,0.0,10,2.4691357569661675e-10,0.0,0.0,0.0,10,0,0,0,0.01020408,0.0,-0.01020408,0.2612655729877091,0.51020408,0.51020408,45.32705448747497,0,45.32705448747497
93,23:15,0.51020408,0.0,0,0.63,0.63,0.0,0.0,0.0,0.54,0,1,1,1,1,1,1,1,1,1,1,1.9157087582932775e-09,0.0,0.0,0.0,5.534269986728901e-10,0.0,0.0,0.0,0.0,0.0,1,1,1,1,1,1,1,1,1,1,0,0,0,0,0,0,0,0,0,0,0.51020408,0,0.0,0,0.0,0.0,0.0,0.0,0.0,0.0,0.0,0.0,0.0,0.0,0.0,0.0,0.0,0.0,0.0,0.0,0.0,0.0,0.0,0.0,10,2.4691357569661675e-10,0.0,0.0,0.0,10,0,0,0,0.01020408,0.0,-0.01020408,0.2613880219477091,0.51020408,0.51020408,45.24669734487497,0,45.24669734487497
94,23:30,0.51020408,0.0,0,0.63,0.63,0.0,0.0,0.0,0.51,0,1,1,1,1,1,1,1,1,1,1,1.9157087582932775e-09,0.0,0.0,0.0,5.534269986728901e-10,0.0,0.0,0.0,0.0,0.0,1,1,1,1,1,1,1,1,1,1,0,0,0,0,0,0,0,0,0,0,0.51020408,0,0.0,0,0.0,0.0,0.0,0.0,0.0,0.0,0.0,0.0,0.0,0.0,0.0,0.0,0.0,0.0,0.0,0.0,0.0,0.0,0.0,0.0,10,2.4691357569661675e-10,0.0,0.0,0.0,10,0,0,0,0.01020408,0.0,-0.01020408,0.2615104709077091,0.51020408,0.51020408,45.16634020227497,0,45.16634020227497
95,23:45,0.51020408,0.0,0,0.63,0.63,0.0,0.0,0.0,0.49,0,1,1,1,1,1,1,1,1,1,1,1.9157087582932775e-09,0.0,0.0,0.0,5.534269986728901e-10,0.0,0.0,0.0,0.0,0.0,1,1,1,1,1,1,1,1,1,1,0,0,0,0,0,0,0,0,0,0,0.51020408,0,0.0,0,0.0,0.0,0.0,0.0,0.0,0.0,0.0,0.0,0.0,0.0,0.0,0.0,0.0,0.0,0.0,0.0,0.0,0.0,0.0,0.0,10,2.4691357569661675e-10,0.0,0.0,0.0,10,0,0,0,0.01020408,0.0,-0.01020408,0.26163291986770915,0.51020408,0.51020408,45.085983059674966,0,45.085983059674966
